Date,actual,epidemic_actual,split,baseline,model_ep0,model_ep1,model_ep_actual,lgbm_ep0,lgbm_ep1,lgbm_ep_actual
2022-01-01,8601.0,0.0,train,,,,,,,
2022-01-02,7684.0,0.0,train,,,,,,,
2022-01-03,5965.0,0.0,train,,,,,,,
2022-01-04,7859.0,0.0,train,,,,,,,
2022-01-05,9621.0,0.0,train,,,,,,,
2022-01-06,9503.0,0.0,train,,,,,,,
2022-01-07,10045.0,0.0,train,,,,,,,
2022-01-08,9980.0,0.0,train,,,,,,,
2022-01-09,9661.0,0.0,train,,,,,,,
2022-01-10,9928.0,0.0,train,,,,,,,
2022-01-11,9957.0,0.0,train,,,,,,,
2022-01-12,9279.0,0.0,train,,,,,,,
2022-01-13,9904.0,0.0,train,,,,,,,
2022-01-14,9507.0,0.0,train,,,,,,,
2022-01-15,9566.0,0.0,train,,,,,,,
2022-01-16,9218.0,0.0,train,,,,,,,
2022-01-17,10074.0,0.0,train,,,,,,,
2022-01-18,9444.0,0.0,train,,,,,,,
2022-01-19,8689.0,0.0,train,,,,,,,
2022-01-20,9489.0,0.0,train,,,,,,,
2022-01-21,9905.0,0.0,train,,,,,,,
2022-01-22,9908.0,0.0,train,,,,,,,
2022-01-23,8721.0,0.0,train,,,,,,,
2022-01-24,8822.0,0.0,train,,,,,,,
2022-01-25,8434.0,0.0,train,,,,,,,
2022-01-26,9271.0,0.0,train,,,,,,,
2022-01-27,9276.0,0.0,train,,,,,,,
2022-01-28,8945.0,0.0,train,,,,,,,
2022-01-29,9655.0,0.0,train,,,,,,,
2022-01-30,7992.0,0.0,train,,,,,,,
2022-01-31,8592.0,0.0,train,,,,,,,
2022-02-01,9599.0,0.0,train,,,,,,,
2022-02-02,10746.0,0.0,train,,,,,,,
2022-02-03,10531.0,0.0,train,,,,,,,
2022-02-04,9757.0,0.0,train,,,,,,,
2022-02-05,10085.0,0.0,train,,,,,,,
2022-02-06,9298.0,0.0,train,,,,,,,
2022-02-07,9472.0,0.0,train,,,,,,,
2022-02-08,10074.0,0.0,train,,,,,,,
2022-02-09,10699.0,0.0,train,,,,,,,
2022-02-10,9761.0,0.0,train,,,,,,,
2022-02-11,9615.0,0.0,train,,,,,,,
2022-02-12,9918.0,0.0,train,,,,,,,
2022-02-13,8646.0,0.0,train,,,,,,,
2022-02-14,10173.0,0.0,train,,,,,,,
2022-02-15,9453.0,0.0,train,,,,,,,
2022-02-16,9800.0,0.0,train,,,,,,,
2022-02-17,9428.0,0.0,train,,,,,,,
2022-02-18,10017.0,0.0,train,,,,,,,
2022-02-19,10253.0,0.0,train,,,,,,,
2022-02-20,9483.0,0.0,train,,,,,,,
2022-02-21,9242.0,0.0,train,,,,,,,
2022-02-22,8861.0,0.0,train,,,,,,,
2022-02-23,9999.0,0.0,train,,,,,,,
2022-02-24,8940.0,0.0,train,,,,,,,
2022-02-25,8900.0,0.0,train,,,,,,,
2022-02-26,9367.0,0.0,train,,,,,,,
2022-02-27,10040.0,0.0,train,,,,,,,
2022-02-28,8951.0,0.0,train,,,,,,,
2022-03-01,10050.0,0.0,train,,,,,,,
2022-03-02,8775.0,0.0,train,,,,,,,
2022-03-03,10192.0,0.0,train,,,,,,,
2022-03-04,10323.0,0.0,train,,,,,,,
2022-03-05,10557.0,0.0,train,,,,,,,
2022-03-06,9349.0,0.0,train,,,,,,,
2022-03-07,9916.0,0.0,train,,,,,,,
2022-03-08,10365.0,0.0,train,,,,,,,
2022-03-09,9960.0,0.0,train,,,,,,,
2022-03-10,9335.0,0.0,train,,,,,,,
2022-03-11,9495.0,0.0,train,,,,,,,
2022-03-12,11518.0,0.0,train,,,,,,,
2022-03-13,9555.0,0.0,train,,,,,,,
2022-03-14,8768.0,0.0,train,,,,,,,
2022-03-15,10246.0,0.0,train,,,,,,,
2022-03-16,9999.0,0.0,train,,,,,,,
2022-03-17,9433.0,0.0,train,,,,,,,
2022-03-18,9402.0,0.0,train,,,,,,,
2022-03-19,8776.0,0.0,train,,,,,,,
2022-03-20,10568.0,0.0,train,,,,,,,
2022-03-21,9938.0,0.0,train,,,,,,,
2022-03-22,8670.0,0.0,train,,,,,,,
2022-03-23,9906.0,0.0,train,,,,,,,
2022-03-24,9808.0,0.0,train,,,,,,,
2022-03-25,10629.0,0.0,train,,,,,,,
2022-03-26,10576.0,0.0,train,,,,,,,
2022-03-27,11169.0,0.0,train,,,,,,,
2022-03-28,9288.0,0.0,train,,,,,,,
2022-03-29,9388.0,0.0,train,,,,,,,
2022-03-30,8982.0,0.0,train,,,,,,,
2022-03-31,8816.0,0.0,train,,,,,,,
2022-04-01,10273.0,0.0,train,,,,,,,
2022-04-02,9787.0,0.0,train,,,,,,,
2022-04-03,9379.0,0.0,train,,,,,,,
2022-04-04,8970.0,0.0,train,,,,,,,
2022-04-05,9703.0,0.0,train,,,,,,,
2022-04-06,10275.0,0.0,train,,,,,,,
2022-04-07,10231.0,0.0,train,,,,,,,
2022-04-08,10259.0,0.0,train,,,,,,,
2022-04-09,8893.0,0.0,train,,,,,,,
2022-04-10,9237.0,0.0,train,,,,,,,
2022-04-11,9946.0,0.0,train,,,,,,,
2022-04-12,10528.0,0.0,train,,,,,,,
2022-04-13,10028.0,0.0,train,,,,,,,
2022-04-14,9226.0,0.0,train,,,,,,,
2022-04-15,9632.0,0.0,train,,,,,,,
2022-04-16,8750.0,0.0,train,,,,,,,
2022-04-17,10089.0,0.0,train,,,,,,,
2022-04-18,10083.0,0.0,train,,,,,,,
2022-04-19,10136.0,0.0,train,,,,,,,
2022-04-20,10467.0,0.0,train,,,,,,,
2022-04-21,8888.0,0.0,train,,,,,,,
2022-04-22,8656.0,0.0,train,,,,,,,
2022-04-23,6010.0,1.0,train,,,,,,,
2022-04-24,6398.0,1.0,train,,,,,,,
2022-04-25,6842.0,1.0,train,,,,,,,
2022-04-26,5602.0,1.0,train,,,,,,,
2022-04-27,5782.0,1.0,train,,,,,,,
2022-04-28,5854.0,1.0,train,,,,,,,
2022-04-29,5578.0,1.0,train,,,,,,,
2022-04-30,5310.0,1.0,train,,,,,,,
2022-05-01,6289.0,1.0,train,,,,,,,
2022-05-02,5816.0,1.0,train,,,,,,,
2022-05-03,5941.0,1.0,train,,,,,,,
2022-05-04,5765.0,1.0,train,,,,,,,
2022-05-05,6417.0,1.0,train,,,,,,,
2022-05-06,6393.0,1.0,train,,,,,,,
2022-05-07,6278.0,1.0,train,,,,,,,
2022-05-08,5980.0,1.0,train,,,,,,,
2022-05-09,5833.0,1.0,train,,,,,,,
2022-05-10,6205.0,1.0,train,,,,,,,
2022-05-11,5906.0,1.0,train,,,,,,,
2022-05-12,5649.0,1.0,train,,,,,,,
2022-05-13,5765.0,1.0,train,,,,,,,
2022-05-14,6192.0,1.0,train,,,,,,,
2022-05-15,5998.0,1.0,train,,,,,,,
2022-05-16,6130.0,1.0,train,,,,,,,
2022-05-17,6411.0,1.0,train,,,,,,,
2022-05-18,5242.0,1.0,train,,,,,,,
2022-05-19,6075.0,1.0,train,,,,,,,
2022-05-20,6745.0,1.0,train,,,,,,,
2022-05-21,6038.0,1.0,train,,,,,,,
2022-05-22,5981.0,1.0,train,,,,,,,
2022-05-23,5471.0,1.0,train,,,,,,,
2022-05-24,6095.0,1.0,train,,,,,,,
2022-05-25,6510.0,1.0,train,,,,,,,
2022-05-26,8697.0,0.0,train,,,,,,,
2022-05-27,9571.0,0.0,train,,,,,,,
2022-05-28,9424.0,0.0,train,,,,,,,
2022-05-29,8845.0,0.0,train,,,,,,,
2022-05-30,9196.0,0.0,train,,,,,,,
2022-05-31,9091.0,0.0,train,,,,,,,
2022-06-01,9544.0,0.0,train,,,,,,,
2022-06-02,10039.0,0.0,train,,,,,,,
2022-06-03,9818.0,0.0,train,,,,,,,
2022-06-04,9170.0,0.0,train,,,,,,,
2022-06-05,9145.0,0.0,train,,,,,,,
2022-06-06,9561.0,0.0,train,,,,,,,
2022-06-07,8889.0,0.0,train,,,,,,,
2022-06-08,10667.0,0.0,train,,,,,,,
2022-06-09,9669.0,0.0,train,,,,,,,
2022-06-10,9891.0,0.0,train,,,,,,,
2022-06-11,11391.0,0.0,train,,,,,,,
2022-06-12,10883.0,0.0,train,,,,,,,
2022-06-13,9602.0,0.0,train,,,,,,,
2022-06-14,10181.0,0.0,train,,,,,,,
2022-06-15,10798.0,0.0,train,,,,,,,
2022-06-16,9928.0,0.0,train,,,,,,,
2022-06-17,10361.0,0.0,train,,,,,,,
2022-06-18,9321.0,0.0,train,,,,,,,
2022-06-19,10430.0,0.0,train,,,,,,,
2022-06-20,10095.0,0.0,train,,,,,,,
2022-06-21,10644.0,0.0,train,,,,,,,
2022-06-22,10749.0,0.0,train,,,,,,,
2022-06-23,9380.0,0.0,train,,,,,,,
2022-06-24,10006.0,0.0,train,,,,,,,
2022-06-25,10248.0,0.0,train,,,,,,,
2022-06-26,11178.0,0.0,train,,,,,,,
2022-06-27,9709.0,0.0,train,,,,,,,
2022-06-28,10510.0,0.0,train,,,,,,,
2022-06-29,5461.0,1.0,train,,,,,,,
2022-06-30,5548.0,1.0,train,,,,,,,
2022-07-01,5774.0,1.0,train,,,,,,,
2022-07-02,5552.0,1.0,train,,,,,,,
2022-07-03,6701.0,1.0,train,,,,,,,
2022-07-04,6950.0,1.0,train,,,,,,,
2022-07-05,5841.0,1.0,train,,,,,,,
2022-07-06,6479.0,1.0,train,,,,,,,
2022-07-07,6788.0,1.0,train,,,,,,,
2022-07-08,6774.0,1.0,train,,,,,,,
2022-07-09,6095.0,1.0,train,,,,,,,
2022-07-10,6661.0,1.0,train,,,,,,,
2022-07-11,6257.0,1.0,train,,,,,,,
2022-07-12,6271.0,1.0,train,,,,,,,
2022-07-13,6716.0,1.0,train,,,,,,,
2022-07-14,6465.0,1.0,train,,,,,,,
2022-07-15,6380.0,1.0,train,,,,,,,
2022-07-16,6267.0,1.0,train,,,,,,,
2022-07-17,6510.0,1.0,train,,,,,,,
2022-07-18,6005.0,1.0,train,,,,,,,
2022-07-19,6180.0,1.0,train,,,,,,,
2022-07-20,6208.0,1.0,train,,,,,,,
2022-07-21,5975.0,1.0,train,,,,,,,
2022-07-22,6660.0,1.0,train,,,,,,,
2022-07-23,7466.0,1.0,train,,,,,,,
2022-07-24,5703.0,1.0,train,,,,,,,
2022-07-25,9478.0,0.0,train,,,,,,,
2022-07-26,10501.0,0.0,train,,,,,,,
2022-07-27,9476.0,0.0,train,,,,,,,
2022-07-28,9709.0,0.0,train,,,,,,,
2022-07-29,8366.0,0.0,train,,,,,,,
2022-07-30,9827.0,0.0,train,,,,,,,
2022-07-31,10122.0,0.0,train,,,,,,,
2022-08-01,9543.0,0.0,train,,,,,,,
2022-08-02,9997.0,0.0,train,,,,,,,
2022-08-03,10465.0,0.0,train,,,,,,,
2022-08-04,10541.0,0.0,train,,,,,,,
2022-08-05,10100.0,0.0,train,,,,,,,
2022-08-06,10198.0,0.0,train,,,,,,,
2022-08-07,10271.0,0.0,train,,,,,,,
2022-08-08,9864.0,0.0,train,,,,,,,
2022-08-09,11119.0,0.0,train,,,,,,,
2022-08-10,9437.0,0.0,train,,,,,,,
2022-08-11,9843.0,0.0,train,,,,,,,
2022-08-12,9735.0,0.0,train,,,,,,,
2022-08-13,9875.0,0.0,train,,,,,,,
2022-08-14,10129.0,0.0,train,,,,,,,
2022-08-15,10490.0,0.0,train,,,,,,,
2022-08-16,10647.0,0.0,train,,,,,,,
2022-08-17,10456.0,0.0,train,,,,,,,
2022-08-18,10261.0,0.0,train,,,,,,,
2022-08-19,9393.0,0.0,train,,,,,,,
2022-08-20,10093.0,0.0,train,,,,,,,
2022-08-21,10332.0,0.0,train,,,,,,,
2022-08-22,10836.0,0.0,train,,,,,,,
2022-08-23,10428.0,0.0,train,,,,,,,
2022-08-24,9829.0,0.0,train,,,,,,,
2022-08-25,11555.0,0.0,train,,,,,,,
2022-08-26,10261.0,0.0,train,,,,,,,
2022-08-27,10971.0,0.0,train,,,,,,,
2022-08-28,11295.0,0.0,train,,,,,,,
2022-08-29,9378.0,0.0,train,,,,,,,
2022-08-30,9732.0,0.0,train,,,,,,,
2022-08-31,9631.0,0.0,train,,,,,,,
2022-09-01,9577.0,0.0,train,,,,,,,
2022-09-02,9962.0,0.0,train,,,,,,,
2022-09-03,10090.0,0.0,train,,,,,,,
2022-09-04,9907.0,0.0,train,,,,,,,
2022-09-05,9434.0,0.0,train,,,,,,,
2022-09-06,9725.0,0.0,train,,,,,,,
2022-09-07,8756.0,0.0,train,,,,,,,
2022-09-08,9002.0,0.0,train,,,,,,,
2022-09-09,9624.0,0.0,train,,,,,,,
2022-09-10,8596.0,0.0,train,,,,,,,
2022-09-11,9813.0,0.0,train,,,,,,,
2022-09-12,8536.0,0.0,train,,,,,,,
2022-09-13,9033.0,0.0,train,,,,,,,
2022-09-14,8821.0,0.0,train,,,,,,,
2022-09-15,10164.0,0.0,train,,,,,,,
2022-09-16,9394.0,0.0,train,,,,,,,
2022-09-17,9744.0,0.0,train,,,,,,,
2022-09-18,9200.0,0.0,train,,,,,,,
2022-09-19,9113.0,0.0,train,,,,,,,
2022-09-20,8461.0,0.0,train,,,,,,,
2022-09-21,8738.0,0.0,train,,,,,,,
2022-09-22,8432.0,0.0,train,,,,,,,
2022-09-23,9947.0,0.0,train,,,,,,,
2022-09-24,9352.0,0.0,train,,,,,,,
2022-09-25,8490.0,0.0,train,,,,,,,
2022-09-26,10579.0,0.0,train,,,,,,,
2022-09-27,9177.0,0.0,train,,,,,,,
2022-09-28,8564.0,0.0,train,,,,,,,
2022-09-29,8676.0,0.0,train,,,,,,,
2022-09-30,8244.0,0.0,train,,,,,,,
2022-10-01,8277.0,0.0,train,,,,,,,
2022-10-02,9981.0,0.0,train,,,,,,,
2022-10-03,8834.0,0.0,train,,,,,,,
2022-10-04,8915.0,0.0,train,,,,,,,
2022-10-05,8938.0,0.0,train,,,,,,,
2022-10-06,9008.0,0.0,train,,,,,,,
2022-10-07,9754.0,0.0,train,,,,,,,
2022-10-08,9651.0,0.0,train,,,,,,,
2022-10-09,9270.0,0.0,train,,,,,,,
2022-10-10,9250.0,0.0,train,,,,,,,
2022-10-11,9900.0,0.0,train,,,,,,,
2022-10-12,9870.0,0.0,train,,,,,,,
2022-10-13,9117.0,0.0,train,,,,,,,
2022-10-14,8888.0,0.0,train,,,,,,,
2022-10-15,10134.0,0.0,train,,,,,,,
2022-10-16,9306.0,0.0,train,,,,,,,
2022-10-17,8123.0,0.0,train,,,,,,,
2022-10-18,8802.0,0.0,train,,,,,,,
2022-10-19,8806.0,0.0,train,,,,,,,
2022-10-20,8004.0,0.0,train,,,,,,,
2022-10-21,8799.0,0.0,train,,,,,,,
2022-10-22,9426.0,0.0,train,,,,,,,
2022-10-23,9894.0,0.0,train,,,,,,,
2022-10-24,9490.0,0.0,train,,,,,,,
2022-10-25,7939.0,0.0,train,,,,,,,
2022-10-26,7565.0,0.0,train,,,,,,,
2022-10-27,9343.0,0.0,train,,,,,,,
2022-10-28,9848.0,0.0,train,,,,,,,
2022-10-29,8344.0,0.0,train,,,,,,,
2022-10-30,8403.0,0.0,train,,,,,,,
2022-10-31,8348.0,0.0,train,,,,,,,
2022-11-01,9586.0,0.0,train,,,,,,,
2022-11-02,9480.0,0.0,train,,,,,,,
2022-11-03,8031.0,0.0,train,,,,,,,
2022-11-04,9596.0,0.0,train,,,,,,,
2022-11-05,10027.0,0.0,train,,,,,,,
2022-11-06,8971.0,0.0,train,,,,,,,
2022-11-07,9522.0,0.0,train,,,,,,,
2022-11-08,9237.0,0.0,train,,,,,,,
2022-11-09,9332.0,0.0,train,,,,,,,
2022-11-10,9415.0,0.0,train,,,,,,,
2022-11-11,8509.0,0.0,train,,,,,,,
2022-11-12,10448.0,0.0,train,,,,,,,
2022-11-13,9331.0,0.0,train,,,,,,,
2022-11-14,8599.0,0.0,train,,,,,,,
2022-11-15,9674.0,0.0,train,,,,,,,
2022-11-16,9608.0,0.0,train,,,,,,,
2022-11-17,9530.0,0.0,train,,,,,,,
2022-11-18,9604.0,0.0,train,,,,,,,
2022-11-19,9902.0,0.0,train,,,,,,,
2022-11-20,8424.0,0.0,train,,,,,,,
2022-11-21,9371.0,0.0,train,,,,,,,
2022-11-22,8529.0,0.0,train,,,,,,,
2022-11-23,8800.0,0.0,train,,,,,,,
2022-11-24,10218.0,0.0,train,,,,,,,
2022-11-25,8713.0,0.0,train,,,,,,,
2022-11-26,9889.0,0.0,train,,,,,,,
2022-11-27,8451.0,0.0,train,,,,,,,
2022-11-28,8615.0,0.0,train,,,,,,,
2022-11-29,8317.0,0.0,train,,,,,,,
2022-11-30,9059.0,0.0,train,,,,,,,
2022-12-01,7672.0,0.0,train,,,,,,,
2022-12-02,9287.0,0.0,train,,,,,,,
2022-12-03,9579.0,0.0,train,,,,,,,
2022-12-04,9369.0,0.0,train,,,,,,,
2022-12-05,10441.0,0.0,train,,,,,,,
2022-12-06,9887.0,0.0,train,,,,,,,
2022-12-07,9685.0,0.0,train,,,,,,,
2022-12-08,9592.0,0.0,train,,,,,,,
2022-12-09,10562.0,0.0,train,,,,,,,
2022-12-10,8752.0,0.0,train,,,,,,,
2022-12-11,8926.0,0.0,train,,,,,,,
2022-12-12,9530.0,0.0,train,,,,,,,
2022-12-13,9537.0,0.0,train,,,,,,,
2022-12-14,10146.0,0.0,train,,,,,,,
2022-12-15,9422.0,0.0,train,,,,,,,
2022-12-16,9297.0,0.0,train,,,,,,,
2022-12-17,9901.0,0.0,train,,,,,,,
2022-12-18,10614.0,0.0,train,,,,,,,
2022-12-19,9813.0,0.0,train,,,,,,,
2022-12-20,8862.0,0.0,train,,,,,,,
2022-12-21,10048.0,0.0,train,,,,,,,
2022-12-22,9479.0,0.0,train,,,,,,,
2022-12-23,8932.0,0.0,train,,,,,,,
2022-12-24,10158.0,0.0,train,,,,,,,
2022-12-25,9703.0,0.0,train,,,,,,,
2022-12-26,9956.0,0.0,train,,,,,,,
2022-12-27,9304.0,0.0,train,,,,,,,
2022-12-28,11416.0,0.0,train,,,,,,,
2022-12-29,8737.0,0.0,train,,,,,,,
2022-12-30,9192.0,0.0,train,,,,,,,
2022-12-31,8973.0,0.0,train,,,,,,,
2023-01-01,9668.0,0.0,train,,,,,,,
2023-01-02,10665.0,0.0,train,,,,,,,
2023-01-03,10070.0,0.0,train,,,,,,,
2023-01-04,9331.0,0.0,train,,,,,,,
2023-01-05,8963.0,0.0,train,,,,,,,
2023-01-06,9324.0,0.0,train,,,,,,,
2023-01-07,9540.0,0.0,train,,,,,,,
2023-01-08,9892.0,0.0,train,,,,,,,
2023-01-09,9082.0,0.0,train,,,,,,,
2023-01-10,10231.0,0.0,train,,,,,,,
2023-01-11,10022.0,0.0,train,,,,,,,
2023-01-12,9235.0,0.0,train,,,,,,,
2023-01-13,10113.0,0.0,train,,,,,,,
2023-01-14,9583.0,0.0,train,,,,,,,
2023-01-15,9309.0,0.0,train,,,,,,,
2023-01-16,9644.0,0.0,train,,,,,,,
2023-01-17,9756.0,0.0,train,,,,,,,
2023-01-18,10303.0,0.0,train,,,,,,,
2023-01-19,10117.0,0.0,train,,,,,,,
2023-01-20,10730.0,0.0,train,,,,,,,
2023-01-21,9396.0,0.0,train,,,,,,,
2023-01-22,10261.0,0.0,train,,,,,,,
2023-01-23,10122.0,0.0,train,,,,,,,
2023-01-24,9351.0,0.0,train,,,,,,,
2023-01-25,9655.0,0.0,train,,,,,,,
2023-01-26,9345.0,0.0,train,,,,,,,
2023-01-27,8473.0,0.0,train,,,,,,,
2023-01-28,9170.0,0.0,train,,,,,,,
2023-01-29,5636.0,1.0,train,,,,,,,
2023-01-30,5981.0,1.0,train,,,,,,,
2023-01-31,5583.0,1.0,train,,,,,,,
2023-02-01,6110.0,1.0,train,,,,,,,
2023-02-02,6197.0,1.0,train,,,,,,,
2023-02-03,6273.0,1.0,train,,,,,,,
2023-02-04,6829.0,1.0,train,,,,,,,
2023-02-05,6373.0,1.0,train,,,,,,,
2023-02-06,6092.0,1.0,train,,,,,,,
2023-02-07,5750.0,1.0,train,,,,,,,
2023-02-08,5575.0,1.0,train,,,,,,,
2023-02-09,6736.0,1.0,train,,,,,,,
2023-02-10,6493.0,1.0,train,,,,,,,
2023-02-11,5658.0,1.0,train,,,,,,,
2023-02-12,6121.0,1.0,train,,,,,,,
2023-02-13,6193.0,1.0,train,,,,,,,
2023-02-14,6457.0,1.0,train,,,,,,,
2023-02-15,6522.0,1.0,train,,,,,,,
2023-02-16,5862.0,1.0,train,,,,,,,
2023-02-17,6158.0,1.0,train,,,,,,,
2023-02-18,6283.0,1.0,train,,,,,,,
2023-02-19,6724.0,1.0,train,,,,,,,
2023-02-20,5991.0,1.0,train,,,,,,,
2023-02-21,5550.0,1.0,train,,,,,,,
2023-02-22,6155.0,1.0,train,,,,,,,
2023-02-23,6046.0,1.0,train,,,,,,,
2023-02-24,6675.0,1.0,train,,,,,,,
2023-02-25,5774.0,1.0,train,,,,,,,
2023-02-26,6008.0,1.0,train,,,,,,,
2023-02-27,6668.0,1.0,train,,,,,,,
2023-02-28,5974.0,1.0,train,,,,,,,
2023-03-01,9126.0,0.0,train,,,,,,,
2023-03-02,9101.0,0.0,train,,,,,,,
2023-03-03,9600.0,0.0,train,,,,,,,
2023-03-04,9086.0,0.0,train,,,,,,,
2023-03-05,9325.0,0.0,train,,,,,,,
2023-03-06,8852.0,0.0,train,,,,,,,
2023-03-07,9782.0,0.0,train,,,,,,,
2023-03-08,9243.0,0.0,train,,,,,,,
2023-03-09,10336.0,0.0,train,,,,,,,
2023-03-10,9537.0,0.0,train,,,,,,,
2023-03-11,8904.0,0.0,train,,,,,,,
2023-03-12,10536.0,0.0,train,,,,,,,
2023-03-13,9512.0,0.0,train,,,,,,,
2023-03-14,9746.0,0.0,train,,,,,,,
2023-03-15,11036.0,0.0,train,,,,,,,
2023-03-16,10821.0,0.0,train,,,,,,,
2023-03-17,9595.0,0.0,train,,,,,,,
2023-03-18,9191.0,0.0,train,,,,,,,
2023-03-19,9821.0,0.0,train,,,,,,,
2023-03-20,9108.0,0.0,train,,,,,,,
2023-03-21,9093.0,0.0,train,,,,,,,
2023-03-22,10388.0,0.0,train,,,,,,,
2023-03-23,9697.0,0.0,train,,,,,,,
2023-03-24,10432.0,0.0,train,,,,,,,
2023-03-25,10234.0,0.0,train,,,,,,,
2023-03-26,8583.0,0.0,train,,,,,,,
2023-03-27,9253.0,0.0,train,,,,,,,
2023-03-28,9280.0,0.0,train,,,,,,,
2023-03-29,9227.0,0.0,train,,,,,,,
2023-03-30,8625.0,0.0,train,,,,,,,
2023-03-31,9421.0,0.0,train,,,,,,,
2023-04-01,9329.0,0.0,train,,,,,,,
2023-04-02,9612.0,0.0,train,,,,,,,
2023-04-03,8918.0,0.0,train,,,,,,,
2023-04-04,8631.0,0.0,train,,,,,,,
2023-04-05,9243.0,0.0,train,,,,,,,
2023-04-06,9243.0,0.0,train,,,,,,,
2023-04-07,9577.0,0.0,train,,,,,,,
2023-04-08,9558.0,0.0,train,,,,,,,
2023-04-09,9419.0,0.0,train,,,,,,,
2023-04-10,10251.0,0.0,train,,,,,,,
2023-04-11,9241.0,0.0,train,,,,,,,
2023-04-12,5507.0,1.0,train,,,,,,,
2023-04-13,6219.0,1.0,train,,,,,,,
2023-04-14,5466.0,1.0,train,,,,,,,
2023-04-15,6159.0,1.0,train,,,,,,,
2023-04-16,6321.0,1.0,train,,,,,,,
2023-04-17,6153.0,1.0,train,,,,,,,
2023-04-18,5466.0,1.0,train,,,,,,,
2023-04-19,5760.0,1.0,train,,,,,,,
2023-04-20,6360.0,1.0,train,,,,,,,
2023-04-21,6143.0,1.0,train,,,,,,,
2023-04-22,5527.0,1.0,train,,,,,,,
2023-04-23,6931.0,1.0,train,,,,,,,
2023-04-24,6240.0,1.0,train,,,,,,,
2023-04-25,6227.0,1.0,train,,,,,,,
2023-04-26,6135.0,1.0,train,,,,,,,
2023-04-27,5399.0,1.0,train,,,,,,,
2023-04-28,5768.0,1.0,train,,,,,,,
2023-04-29,5917.0,1.0,train,,,,,,,
2023-04-30,5446.0,1.0,train,,,,,,,
2023-05-01,5932.0,1.0,train,,,,,,,
2023-05-02,6703.0,1.0,train,,,,,,,
2023-05-03,5336.0,1.0,train,,,,,,,
2023-05-04,6385.0,1.0,train,,,,,,,
2023-05-05,5859.0,1.0,train,,,,,,,
2023-05-06,6329.0,1.0,train,,,,,,,
2023-05-07,6416.0,1.0,train,,,,,,,
2023-05-08,6477.0,1.0,train,,,,,,,
2023-05-09,5585.0,1.0,train,,,,,,,
2023-05-10,5965.0,1.0,train,,,,,,,
2023-05-11,6256.0,1.0,train,,,,,,,
2023-05-12,6055.0,1.0,train,,,,,,,
2023-05-13,8890.0,0.0,train,,,,,,,
2023-05-14,8947.0,0.0,train,,,,,,,
2023-05-15,9205.0,0.0,train,,,,,,,
2023-05-16,9957.0,0.0,train,,,,,,,
2023-05-17,10185.0,0.0,train,,,,,,,
2023-05-18,10170.0,0.0,train,,,,,,,
2023-05-19,10065.0,0.0,train,,,,,,,
2023-05-20,8643.0,0.0,train,,,,,,,
2023-05-21,10317.0,0.0,train,,,,,,,
2023-05-22,9431.0,0.0,train,,,,,,,
2023-05-23,9014.0,0.0,train,,,,,,,
2023-05-24,9599.0,0.0,train,,,,,,,
2023-05-25,9537.0,0.0,train,,,,,,,
2023-05-26,10167.0,0.0,train,,,,,,,
2023-05-27,9190.0,0.0,train,,,,,,,
2023-05-28,9434.0,0.0,train,,,,,,,
2023-05-29,9153.0,0.0,train,,,,,,,
2023-05-30,8615.0,0.0,train,,,,,,,
2023-05-31,8743.0,0.0,train,,,,,,,
2023-06-01,8885.0,0.0,train,,,,,,,
2023-06-02,9332.0,0.0,train,,,,,,,
2023-06-03,9946.0,0.0,train,,,,,,,
2023-06-04,10486.0,0.0,train,,,,,,,
2023-06-05,10307.0,0.0,train,,,,,,,
2023-06-06,10374.0,0.0,train,,,,,,,
2023-06-07,11159.0,0.0,train,,,,,,,
2023-06-08,9359.0,0.0,train,,,,,,,
2023-06-09,9995.0,0.0,train,,,,,,,
2023-06-10,9650.0,0.0,train,,,,,,,
2023-06-11,11679.0,0.0,train,,,,,,,
2023-06-12,9836.0,0.0,train,,,,,,,
2023-06-13,9958.0,0.0,train,,,,,,,
2023-06-14,10086.0,0.0,train,,,,,,,
2023-06-15,9747.0,0.0,train,,,,,,,
2023-06-16,11032.0,0.0,train,,,,,,,
2023-06-17,9533.0,0.0,train,,,,,,,
2023-06-18,9528.0,0.0,train,,,,,,,
2023-06-19,10897.0,0.0,train,,,,,,,
2023-06-20,11468.0,0.0,train,,,,,,,
2023-06-21,9767.0,0.0,train,,,,,,,
2023-06-22,9905.0,0.0,train,,,,,,,
2023-06-23,10480.0,0.0,train,,,,,,,
2023-06-24,9435.0,0.0,train,,,,,,,
2023-06-25,10434.0,0.0,train,,,,,,,
2023-06-26,10336.0,0.0,train,,,,,,,
2023-06-27,9743.0,0.0,train,,,,,,,
2023-06-28,10241.0,0.0,train,,,,,,,
2023-06-29,10422.0,0.0,train,,,,,,,
2023-06-30,8990.0,0.0,train,,,,,,,
2023-07-01,8967.0,0.0,train,,,,,,,
2023-07-02,10956.0,0.0,train,,,,,,,
2023-07-03,11012.0,0.0,train,,,,,,,
2023-07-04,10892.0,0.0,train,,,,,,,
2023-07-05,9830.0,0.0,train,,,,,,,
2023-07-06,9522.0,0.0,train,,,,,,,
2023-07-07,9705.0,0.0,train,,,,,,,
2023-07-08,11858.0,0.0,train,,,,,,,
2023-07-09,10117.0,0.0,train,,,,,,,
2023-07-10,9972.0,0.0,train,,,,,,,
2023-07-11,9682.0,0.0,train,,,,,,,
2023-07-12,10385.0,0.0,train,,,,,,,
2023-07-13,10191.0,0.0,train,,,,,,,
2023-07-14,10101.0,0.0,train,,,,,,,
2023-07-15,9346.0,0.0,train,,,,,,,
2023-07-16,9750.0,0.0,train,,,,,,,
2023-07-17,11093.0,0.0,train,,,,,,,
2023-07-18,9541.0,0.0,train,,,,,,,
2023-07-19,10093.0,0.0,train,,,,,,,
2023-07-20,9463.0,0.0,train,,,,,,,
2023-07-21,9884.0,0.0,train,,,,,,,
2023-07-22,10032.0,0.0,train,,,,,,,
2023-07-23,10260.0,0.0,train,,,,,,,
2023-07-24,9637.0,0.0,train,,,,,,,
2023-07-25,10405.0,0.0,train,,,,,,,
2023-07-26,11188.0,0.0,train,,,,,,,
2023-07-27,10109.0,0.0,train,,,,,,,
2023-07-28,11134.0,0.0,train,,,,,,,
2023-07-29,9281.0,0.0,train,,,,,,,
2023-07-30,10254.0,0.0,train,,,,,,,
2023-07-31,8735.0,0.0,train,,,,,,,
2023-08-01,10910.0,0.0,train,,,,,,,
2023-08-02,10824.0,0.0,train,,,,,,,
2023-08-03,10446.0,0.0,train,,,,,,,
2023-08-04,9793.0,0.0,train,,,,,,,
2023-08-05,10339.0,0.0,train,,,,,,,
2023-08-06,10220.0,0.0,train,,,,,,,
2023-08-07,9164.0,0.0,train,,,,,,,
2023-08-08,11164.0,0.0,train,,,,,,,
2023-08-09,10456.0,0.0,train,,,,,,,
2023-08-10,11856.0,0.0,train,,,,,,,
2023-08-11,10770.0,0.0,train,,,,,,,
2023-08-12,9809.0,0.0,train,,,,,,,
2023-08-13,10003.0,0.0,train,,,,,,,
2023-08-14,9925.0,0.0,train,,,,,,,
2023-08-15,10561.0,0.0,train,,,,,,,
2023-08-16,10356.0,0.0,train,,,,,,,
2023-08-17,10352.0,0.0,train,,,,,,,
2023-08-18,10447.0,0.0,train,,,,,,,
2023-08-19,9694.0,0.0,train,,,,,,,
2023-08-20,9980.0,0.0,train,,,,,,,
2023-08-21,9783.0,0.0,train,,,,,,,
2023-08-22,10477.0,0.0,train,,,,,,,
2023-08-23,10046.0,0.0,train,,,,,,,
2023-08-24,10042.0,0.0,train,,,,,,,
2023-08-25,9899.0,0.0,train,,,,,,,
2023-08-26,9740.0,0.0,train,,,,,,,
2023-08-27,10778.0,0.0,train,,,,,,,
2023-08-28,9533.0,0.0,train,,,,,,,
2023-08-29,9122.0,0.0,train,,,,,,,
2023-08-30,10322.0,0.0,train,,,,,,,
2023-08-31,9051.0,0.0,train,,,,,,,
2023-09-01,9532.0,0.0,train,,,,,,,
2023-09-02,8417.0,0.0,train,,,,,,,
2023-09-03,9007.0,0.0,train,,,,,,,
2023-09-04,9009.0,0.0,train,,,,,,,
2023-09-05,10209.0,0.0,train,,,,,,,
2023-09-06,9316.0,0.0,train,,,,,,,
2023-09-07,9192.0,0.0,train,,,,,,,
2023-09-08,8960.0,0.0,train,,,,,,,
2023-09-09,9126.0,0.0,train,,,,,,,
2023-09-10,9407.0,0.0,train,,,,,,,
2023-09-11,10243.0,0.0,train,,,,,,,
2023-09-12,8738.0,0.0,train,,,,,,,
2023-09-13,8985.0,0.0,train,,,,,,,
2023-09-14,9470.0,0.0,train,,,,,,,
2023-09-15,9386.0,0.0,train,,,,,,,
2023-09-16,8957.0,0.0,train,,,,,,,
2023-09-17,9660.0,0.0,train,,,,,,,
2023-09-18,9173.0,0.0,train,,,,,,,
2023-09-19,9438.0,0.0,train,,,,,,,
2023-09-20,8596.0,0.0,train,,,,,,,
2023-09-21,8888.0,0.0,train,,,,,,,
2023-09-22,9732.0,0.0,train,,,,,,,
2023-09-23,10911.0,0.0,train,,,,,,,
2023-09-24,8479.0,0.0,train,,,,,,,
2023-09-25,9386.0,0.0,train,,,,,,,
2023-09-26,8860.0,0.0,train,,,,,,,
2023-09-27,9144.0,0.0,train,,,,,,,
2023-09-28,9341.0,0.0,train,,,,,,,
2023-09-29,8721.0,0.0,train,,,,,,,
2023-09-30,7723.0,0.0,train,,,,,,,
2023-10-01,9429.0,0.0,train,,,,,,,
2023-10-02,10394.0,0.0,train,,,,,,,
2023-10-03,8685.0,0.0,train,,,,,,,
2023-10-04,9141.0,0.0,train,,,,,,,
2023-10-05,9259.0,0.0,train,,,,,,,
2023-10-06,9354.0,0.0,train,,,,,,,
2023-10-07,5501.0,1.0,train,,,,,,,
2023-10-08,6050.0,1.0,train,,,,,,,
2023-10-09,6131.0,1.0,train,,,,,,,
2023-10-10,5614.0,1.0,train,,,,,,,
2023-10-11,5770.0,1.0,train,,,,,,,
2023-10-12,6613.0,1.0,train,,,,,,,
2023-10-13,5858.0,1.0,train,,,,,,,
2023-10-14,5805.0,1.0,train,,,,,,,
2023-10-15,5847.0,1.0,train,,,,,,,
2023-10-16,5509.0,1.0,train,,,,,,,
2023-10-17,6904.0,1.0,train,,,,,,,
2023-10-18,5991.0,1.0,train,,,,,,,
2023-10-19,6461.0,1.0,train,,,,,,,
2023-10-20,5932.0,1.0,train,,,,,,,
2023-10-21,6096.0,1.0,train,,,,,,,
2023-10-22,5854.0,1.0,train,,,,,,,
2023-10-23,6466.0,1.0,train,,,,,,,
2023-10-24,5117.0,1.0,train,,,,,,,
2023-10-25,9648.0,0.0,train,,,,,,,
2023-10-26,8793.0,0.0,train,,,,,,,
2023-10-27,8842.0,0.0,train,,,,,,,
2023-10-28,9825.0,0.0,train,,,,,,,
2023-10-29,8376.0,0.0,train,,,,,,,
2023-10-30,8096.0,0.0,train,,,,,,,
2023-10-31,7913.0,0.0,train,,,,,,,
2023-11-01,9548.0,0.0,train,,,,,,,
2023-11-02,10028.0,0.0,train,,,,,,,
2023-11-03,9426.0,0.0,train,,,,,,,
2023-11-04,9049.0,0.0,train,,,,,,,
2023-11-05,9015.0,0.0,train,,,,,,,
2023-11-06,8009.0,0.0,train,,,,,,,
2023-11-07,9219.0,0.0,train,,,,,,,
2023-11-08,9449.0,0.0,train,,,,,,,
2023-11-09,9277.0,0.0,train,,,,,,,
2023-11-10,9052.0,0.0,train,,,,,,,
2023-11-11,9641.0,0.0,train,,,,,,,
2023-11-12,9460.0,0.0,train,,,,,,,
2023-11-13,9078.0,0.0,train,,,,,,,
2023-11-14,9093.0,0.0,train,,,,,,,
2023-11-15,9512.0,0.0,train,,,,,,,
2023-11-16,8987.0,0.0,train,,,,,,,
2023-11-17,8605.0,0.0,train,,,,,,,
2023-11-18,9714.0,0.0,train,,,,,,,
2023-11-19,9362.0,0.0,train,,,,,,,
2023-11-20,8715.0,0.0,train,,,,,,,
2023-11-21,9086.0,0.0,train,,,,,,,
2023-11-22,9483.0,0.0,train,,,,,,,
2023-11-23,9376.0,0.0,train,,,,,,,
2023-11-24,8838.0,0.0,train,,,,,,,
2023-11-25,8591.0,0.0,train,,,,,,,
2023-11-26,9044.0,0.0,train,,,,,,,
2023-11-27,9540.0,0.0,train,,,,,,,
2023-11-28,8404.0,0.0,train,,,,,,,
2023-11-29,9197.0,0.0,train,,,,,,,
2023-11-30,8776.0,0.0,train,,,,,,,
2023-12-01,9466.0,0.0,train,,,,,,,
2023-12-02,10362.0,0.0,train,,,,,,,
2023-12-03,9483.0,0.0,train,,,,,,,
2023-12-04,9687.0,0.0,train,,,,,,,
2023-12-05,9129.0,0.0,train,,,,,,,
2023-12-06,11327.0,0.0,train,,,,,,,
2023-12-07,9915.0,0.0,train,,,,,,,
2023-12-08,9430.0,0.0,train,,,,,,,
2023-12-09,8769.0,0.0,train,,,,,,,
2023-12-10,9624.0,0.0,train,,,,,,,
2023-12-11,8767.0,0.0,train,,,,,,,
2023-12-12,9584.0,0.0,train,,,,,,,
2023-12-13,10508.0,0.0,train,,,,,,,
2023-12-14,9745.0,0.0,train,,,,,,,
2023-12-15,9090.0,0.0,train,,,,,,,
2023-12-16,9161.0,0.0,train,,,,,,,
2023-12-17,9184.0,0.0,train,,,,,,,
2023-12-18,10282.0,0.0,train,,,,,,,
2023-12-19,9249.0,0.0,train,,,,,,,
2023-12-20,8916.0,0.0,train,,,,,,,
2023-12-21,10693.0,0.0,train,,,,,,,
2023-12-22,9783.0,0.0,train,,,,,,,
2023-12-23,9588.0,0.0,train,,,,,,,
2023-12-24,10491.0,0.0,train,,,,,,,
2023-12-25,8639.0,0.0,train,,,,,,,
2023-12-26,9687.0,0.0,train,,,,,,,
2023-12-27,6136.0,1.0,train,,,,,,,
2023-12-28,6029.0,1.0,train,,,,,,,
2023-12-29,6267.0,1.0,train,,,,,,,
2023-12-30,5316.0,1.0,train,,,,,,,
2023-12-31,5783.0,1.0,train,,,,,,,
2024-01-01,6030.0,1.0,train,,,,,,,
2024-01-02,6106.0,1.0,train,,,,,,,
2024-01-03,6268.0,1.0,val,8717.82142857143,9608.882367305538,6098.416363175933,6098.416363175933,9184.341970145872,5780.697889514575,5780.697889514575
2024-01-04,5661.0,1.0,val,8717.82142857143,9496.101252600323,5985.6352484707195,5985.6352484707195,8576.925852463548,5799.9578343257235,5799.9578343257235
2024-01-05,6598.0,1.0,val,8717.82142857143,9555.53178320606,6045.065779076454,6045.065779076454,8934.941421777809,6034.759054748498,6034.759054748498
2024-01-06,6655.0,1.0,val,8717.82142857143,9515.970033691941,6005.5040295623385,6005.5040295623385,9268.09070675962,6176.65224385094,6176.65224385094
2024-01-07,6003.0,1.0,val,8717.82142857143,9585.230974615315,6074.764970485711,6074.764970485711,9657.528934302652,6447.3610294567125,6447.3610294567125
2024-01-08,5620.0,1.0,val,8717.82142857143,9448.53420091588,5938.068196786276,5938.068196786276,9618.405759359259,6373.448242470226,6373.448242470226
2024-01-09,8533.0,0.0,val,8717.82142857143,9491.189408229235,5980.723404099632,9491.189408229235,9594.095170246104,6214.256522600391,9594.095170246104
2024-01-10,8277.0,0.0,val,8717.82142857143,9622.267028093418,6111.801023963814,9622.267028093418,10006.169299318391,6389.042670573829,10006.169299318391
2024-01-11,9323.0,0.0,val,8717.82142857143,9509.847034602506,5999.381030472903,9509.847034602506,9860.093073659384,6454.1276994791915,9860.093073659384
2024-01-12,8508.0,0.0,val,8717.82142857143,9569.620049454224,6059.154045324621,9569.620049454224,9619.573404920147,6164.319025980733,9619.573404920147
2024-01-13,9926.0,0.0,val,8717.82142857143,9530.38168560035,6019.915681470748,9530.38168560035,9810.721045888293,6257.665111188644,9810.721045888293
2024-01-14,8990.0,0.0,val,8717.82142857143,9599.946475302762,6089.4804711731595,9599.946475302762,9476.550330826243,6126.76134294503,9476.550330826243
2024-01-15,8671.0,0.0,val,8717.82142857143,9463.533599062846,5953.0675949332435,9463.533599062846,9374.23363967981,6123.95765164954,9374.23363967981
2024-01-16,9078.0,0.0,val,8717.82142857143,9506.452362441772,5995.986358312169,9506.452362441772,9495.137626631906,6122.690883163476,9495.137626631906
2024-01-17,8736.0,0.0,val,8717.82142857143,9637.77283174471,6127.306827615107,9637.77283174471,10026.017717190038,6343.372350661047,10026.017717190038
2024-01-18,9429.0,0.0,val,8717.82142857143,9525.574641122499,6015.108636992894,9525.574641122499,9859.422529060443,6442.988278387256,9859.422529060443
2024-01-19,7990.0,0.0,val,8717.82142857143,9585.548098037123,6075.082093907518,9585.548098037123,9638.185706699456,6192.729533744226,9638.185706699456
2024-01-20,10914.0,0.0,val,8717.82142857143,9546.488527299356,6036.022523169753,9546.488527299356,9874.781697433029,6402.877696787913,9874.781697433029
2024-01-21,8563.0,0.0,val,8717.82142857143,9616.210199480905,6105.744195351303,9616.210199480905,9675.043360822918,6349.123048126645,9675.043360822918
2024-01-22,9639.0,0.0,val,8717.82142857143,9479.932060168363,5969.466056038759,9479.932060168363,9606.63606360341,6422.798799771157,9606.63606360341
2024-01-23,8370.0,0.0,val,8717.82142857143,9522.963207076096,6012.4972029464925,9522.963207076096,9285.190746674576,6059.048276501076,9285.190746674576
2024-01-24,10051.0,0.0,val,8717.82142857143,9654.373525990779,6143.907521861176,9654.373525990779,9495.86065565438,6067.482503545971,9495.86065565438
2024-01-25,10028.0,0.0,val,8717.82142857143,9542.242498100773,6031.776493971171,9542.242498100773,9201.248025171375,6146.103483913645,9201.248025171375
2024-01-26,9184.0,0.0,val,8717.82142857143,9602.26030565645,6091.7943015268465,9602.26030565645,9278.295197930383,6135.769760963854,9278.295197930383
2024-01-27,9598.0,0.0,val,8717.82142857143,9563.222176169551,6052.756172039948,9563.222176169551,9096.165383942085,6013.428526217085,9096.165383942085
2024-01-28,9942.0,0.0,val,8717.82142857143,9632.942310953758,6122.4763068241555,9632.942310953758,8897.782683422896,5947.14498024351,8897.782683422896
2024-01-29,8802.0,0.0,val,8717.82142857143,9496.639614473603,5986.173610344,9496.639614473603,8770.34927988059,5938.417698272191,8770.34927988059
2024-01-30,8425.0,0.0,val,8717.82142857143,9539.623171518733,6029.157167389129,9539.623171518733,8648.674345182384,5673.4639258966845,8648.674345182384
2024-01-31,,,future,8492.214285714286,9612.090243682575,6120.974666422038,,9210.0919347188,5984.544501029732,
2024-02-01,,,future,8492.214285714286,9514.89867787373,6023.7831006131955,,9662.884560971175,6219.850925276054,
2024-02-02,,,future,8492.214285714286,9553.310531418889,6062.194954158354,,9891.769596156906,6343.702712337978,
2024-02-03,,,future,8492.214285714286,9560.533460892482,6069.417883631946,,10211.007270328215,6437.150296747468,
2024-02-04,,,future,8492.214285714286,9594.84784365891,6103.732266398376,,9985.680190327024,6350.845211930461,
2024-02-05,,,future,8492.214285714286,9457.014524074755,5965.898946814221,,9572.469072553165,6108.920382226996,
2024-02-06,,,future,8492.214285714286,9482.015537218324,5990.899959957787,,9646.671187672955,5940.641010409706,
2024-02-07,,,future,8492.214285714286,9630.732888984177,6139.617311723641,,9893.752897954146,6012.584344084098,
2024-02-08,,,future,8492.214285714286,9533.505560721596,6042.389983461062,,10010.484948866233,6283.833611758841,
2024-02-09,,,future,8492.214285714286,9571.854971343992,6080.739394083457,,10027.001608013523,6383.110917578563,
2024-02-10,,,future,8492.214285714286,9578.988832170966,6087.87325491043,,9912.477269236082,6311.083184528341,
2024-02-11,,,future,8492.214285714286,9613.187608209668,6122.072030949132,,9483.161810680513,6019.229295301479,
2024-02-12,,,future,8492.214285714286,9475.212264258525,5984.096686997989,,9502.860445740256,6147.968259877298,
2024-02-13,,,future,8492.214285714286,9500.044988499096,6008.92941123856,,9525.602630969815,6010.429866781479,
2024-02-14,,,future,8492.214285714286,9648.567972413824,6157.452395153288,,9905.400065113825,6227.954064706877,
2024-02-15,,,future,8492.214285714286,9551.120415208861,6060.004837948325,,9737.74972356011,6224.288789088279,
2024-02-16,,,future,8492.214285714286,9589.223985669238,6098.1084084087015,,9684.27152132208,6257.285784519832,
2024-02-17,,,future,8492.214285714286,9596.086676708383,6104.971099447846,,9780.777504212183,6281.8870140064955,
2024-02-18,,,future,8492.214285714286,9629.989266318955,6138.87368905842,,9559.954169015627,6143.9687891355115,
2024-02-19,,,future,8492.214285714286,9491.6930633085,6000.577486047963,,9555.329045306758,6252.728913483513,
2024-02-20,,,future,8492.214285714286,9516.180630486064,6025.065053225529,,9646.668780589782,6130.2705886741405,
2024-02-21,,,future,8492.214285714286,9664.334564138084,6173.218986877549,,9654.483788424148,6104.805599217861,
2024-02-22,,,future,8492.214285714286,9566.494497973183,6075.3789207126465,,9413.548014578957,6098.426863823277,
2024-02-23,,,future,8492.214285714286,9604.182564463756,6113.066987203221,,9344.639285636833,6103.068100758436,
2024-02-24,,,future,8492.214285714286,9610.607248846942,6119.4916715864065,,9415.16087705522,6133.751580313316,
2024-02-25,,,future,8492.214285714286,9644.049849492589,6152.9342722320525,,9224.190111171278,6023.891143322871,
2024-02-26,,,future,8492.214285714286,9505.27222302242,6014.156645761886,,9204.707030991245,6149.151966275831,
2024-02-27,,,future,8492.214285714286,9529.257506847282,6038.141929586746,,9551.845373796932,6240.9312839862205,
